Topic,Year,Count
Anova,2022,5932
Anova,2021,20627
Anova,2020,20312
Anova,2019,21114
Anova,2018,22729
Anova,2017,25685
Anova,2016,26420
Anova,2015,26615
Anova,2014,27653
Anova,2013,31937
Anova,2012,32173
Anova,2011,28339
Anova,2010,25976
Anova,2009,24840
Anova,2008,21164
Anova,2007,19964
Anova,2006,18733
Anova,2005,18142
Anova,2004,16448
Anova,2003,13825
Anova,2002,12658
Anova,2001,12289
Anova,2000,11275
Anova,1999,11009
Anova,1998,10278
Anova,1997,10109
Anova,1996,9340
Anova,1995,8796
Anova,1994,7342
Anova,1993,6615
Anova,1992,5692
Anova,1991,4893
Anova,1990,4061
Anova,1989,2245
Anova,1988,1475
Anova,1987,1233
Anova,1986,1233
Anova,1985,1188
Anova,1984,1117
Anova,1983,942
Anova,1982,886
Anova,1981,712
Anova,1980,572
Anova,1979,523
Anova,1978,453
Anova,1977,400
Anova,1976,425
Anova,1975,612
Anova,1974,1004
Anova,1973,888
Anova,1972,853
Anova,1971,1021
Anova,1970,1094
Anova,1969,1080
Anova,1968,1509
Anova,1967,267
Anova,1966,30
Anova,1965,13
Anova,1964,11
Anova,1963,9
Anova,1962,4
Anova,1961,3
Anova,1960,4
Anova,1959,1
Anova,1958,2
Anova,1957,1
Anova,1956,3
Anova,1955,2
Anova,1954,3
Anova,1953,1
Anova,1952,3
Anova,1951,6
Anova,1950,3
Anova,1949,8
Anova,1948,7
Anova,1947,6
Anova,1946,2
Anova,1940,1
Anova,1936,1
Artificial Intelligence,2022,9684
Artificial Intelligence,2021,30271
Artificial Intelligence,2020,22475
Artificial Intelligence,2019,16402
Artificial Intelligence,2018,11235
Artificial Intelligence,2017,8238
Artificial Intelligence,2016,6803
Artificial Intelligence,2015,6774
Artificial Intelligence,2014,6894
Artificial Intelligence,2013,6811
Artificial Intelligence,2012,5550
Artificial Intelligence,2011,5280
Artificial Intelligence,2010,4471
Artificial Intelligence,2009,4641
Artificial Intelligence,2008,4903
Artificial Intelligence,2007,4466
Artificial Intelligence,2006,4065
Artificial Intelligence,2005,3639
Artificial Intelligence,2004,2762
Artificial Intelligence,2003,1802
Artificial Intelligence,2002,1462
Artificial Intelligence,2001,1343
Artificial Intelligence,2000,1248
Artificial Intelligence,1999,1060
Artificial Intelligence,1998,1025
Artificial Intelligence,1997,982
Artificial Intelligence,1996,862
Artificial Intelligence,1995,905
Artificial Intelligence,1994,729
Artificial Intelligence,1993,610
Artificial Intelligence,1992,438
Artificial Intelligence,1991,456
Artificial Intelligence,1990,372
Artificial Intelligence,1989,295
Artificial Intelligence,1988,219
Artificial Intelligence,1987,198
Artificial Intelligence,1986,165
Artificial Intelligence,1985,65
Artificial Intelligence,1984,30
Artificial Intelligence,1983,23
Artificial Intelligence,1982,13
Artificial Intelligence,1981,11
Artificial Intelligence,1980,12
Artificial Intelligence,1979,4
Artificial Intelligence,1978,3
Artificial Intelligence,1977,5
Artificial Intelligence,1976,7
Artificial Intelligence,1975,5
Artificial Intelligence,1974,7
Artificial Intelligence,1973,6
Artificial Intelligence,1972,5
Artificial Intelligence,1971,3
Artificial Intelligence,1970,2
Artificial Intelligence,1969,1
Artificial Intelligence,1968,5
Artificial Intelligence,1967,3
Artificial Intelligence,1966,2
Artificial Intelligence,1965,4
Artificial Intelligence,1964,5
Artificial Intelligence,1963,5
Artificial Intelligence,1962,6
Artificial Intelligence,1961,3
Artificial Intelligence,1960,1
Artificial Intelligence,1958,1
Artificial Intelligence,1956,1
Artificial Intelligence,1954,1
Artificial Intelligence,1953,1
Artificial Intelligence,1952,1
Artificial Intelligence,1951,1
Autoregressive Models,2022,378
Autoregressive Models,2021,1034
Autoregressive Models,2020,759
Autoregressive Models,2019,593
Autoregressive Models,2018,546
Autoregressive Models,2017,417
Autoregressive Models,2016,406
Autoregressive Models,2015,400
Autoregressive Models,2014,380
Autoregressive Models,2013,314
Autoregressive Models,2012,248
Autoregressive Models,2011,252
Autoregressive Models,2010,231
Autoregressive Models,2009,210
Autoregressive Models,2008,190
Autoregressive Models,2007,160
Autoregressive Models,2006,137
Autoregressive Models,2005,129
Autoregressive Models,2004,112
Autoregressive Models,2003,80
Autoregressive Models,2002,85
Autoregressive Models,2001,79
Autoregressive Models,2000,74
Autoregressive Models,1999,78
Autoregressive Models,1998,63
Autoregressive Models,1997,73
Autoregressive Models,1996,60
Autoregressive Models,1995,53
Autoregressive Models,1994,41
Autoregressive Models,1993,40
Autoregressive Models,1992,44
Autoregressive Models,1991,52
Autoregressive Models,1990,36
Autoregressive Models,1989,33
Autoregressive Models,1988,21
Autoregressive Models,1987,17
Autoregressive Models,1986,20
Autoregressive Models,1985,21
Autoregressive Models,1984,12
Autoregressive Models,1983,8
Autoregressive Models,1982,8
Autoregressive Models,1981,13
Autoregressive Models,1980,9
Autoregressive Models,1979,7
Autoregressive Models,1978,5
Autoregressive Models,1977,6
Autoregressive Models,1976,4
Autoregressive Models,1975,3
Autoregressive Models,1974,2
Autoregressive Models,1973,1
Autoregressive Models,1972,2
Autoregressive Models,1971,2
Autoregressive Models,1970,1
Autoregressive Models,1969,1
Bayesian Analysis,2022,1826
Bayesian Analysis,2021,6167
Bayesian Analysis,2020,5430
Bayesian Analysis,2019,4563
Bayesian Analysis,2018,4191
Bayesian Analysis,2017,4045
Bayesian Analysis,2016,3990
Bayesian Analysis,2015,3887
Bayesian Analysis,2014,3588
Bayesian Analysis,2013,3597
Bayesian Analysis,2012,3410
Bayesian Analysis,2011,2971
Bayesian Analysis,2010,2726
Bayesian Analysis,2009,2324
Bayesian Analysis,2008,1954
Bayesian Analysis,2007,1714
Bayesian Analysis,2006,1491
Bayesian Analysis,2005,1298
Bayesian Analysis,2004,1016
Bayesian Analysis,2003,703
Bayesian Analysis,2002,550
Bayesian Analysis,2001,438
Bayesian Analysis,2000,341
Bayesian Analysis,1999,318
Bayesian Analysis,1998,255
Bayesian Analysis,1997,240
Bayesian Analysis,1996,218
Bayesian Analysis,1995,186
Bayesian Analysis,1994,172
Bayesian Analysis,1993,149
Bayesian Analysis,1992,120
Bayesian Analysis,1991,153
Bayesian Analysis,1990,122
Bayesian Analysis,1989,130
Bayesian Analysis,1988,121
Bayesian Analysis,1987,97
Bayesian Analysis,1986,88
Bayesian Analysis,1985,81
Bayesian Analysis,1984,60
Bayesian Analysis,1983,61
Bayesian Analysis,1982,63
Bayesian Analysis,1981,45
Bayesian Analysis,1980,28
Bayesian Analysis,1979,37
Bayesian Analysis,1978,36
Bayesian Analysis,1977,25
Bayesian Analysis,1976,23
Bayesian Analysis,1975,25
Bayesian Analysis,1974,10
Bayesian Analysis,1973,6
Bayesian Analysis,1972,4
Bayesian Analysis,1971,5
Bayesian Analysis,1970,3
Bayesian Analysis,1969,3
Bayesian Analysis,1968,3
Bayesian Analysis,1967,5
Bayesian Analysis,1966,3
Bayesian Analysis,1964,1
Bayesian Analysis,1963,2
Bayesian Analysis,1962,1
Clustering Model,2022,3668
Clustering Model,2021,11692
Clustering Model,2020,10344
Clustering Model,2019,9144
Clustering Model,2018,8540
Clustering Model,2017,7949
Clustering Model,2016,7491
Clustering Model,2015,7373
Clustering Model,2014,6983
Clustering Model,2013,6372
Clustering Model,2012,5928
Clustering Model,2011,5486
Clustering Model,2010,4926
Clustering Model,2009,4570
Clustering Model,2008,4182
Clustering Model,2007,3915
Clustering Model,2006,3614
Clustering Model,2005,3509
Clustering Model,2004,2709
Clustering Model,2003,1923
Clustering Model,2002,1767
Clustering Model,2001,1442
Clustering Model,2000,1249
Clustering Model,1999,1004
Clustering Model,1998,850
Clustering Model,1997,745
Clustering Model,1996,719
Clustering Model,1995,585
Clustering Model,1994,552
Clustering Model,1993,497
Clustering Model,1992,404
Clustering Model,1991,374
Clustering Model,1990,238
Clustering Model,1989,253
Clustering Model,1988,188
Clustering Model,1987,168
Clustering Model,1986,152
Clustering Model,1985,163
Clustering Model,1984,119
Clustering Model,1983,115
Clustering Model,1982,83
Clustering Model,1981,88
Clustering Model,1980,69
Clustering Model,1979,41
Clustering Model,1978,45
Clustering Model,1977,33
Clustering Model,1976,45
Clustering Model,1975,36
Clustering Model,1974,14
Clustering Model,1973,15
Clustering Model,1972,8
Clustering Model,1971,2
Clustering Model,1970,7
Clustering Model,1969,6
Clustering Model,1968,2
Clustering Model,1967,4
Clustering Model,1966,4
Clustering Model,1965,3
Clustering Model,1964,1
Clustering Model,1960,1
Cross-Validation,2022,1323
Cross-Validation,2021,3924
Cross-Validation,2020,3095
Cross-Validation,2019,2538
Cross-Validation,2018,2137
Cross-Validation,2017,1823
Cross-Validation,2016,1594
Cross-Validation,2015,1454
Cross-Validation,2014,1330
Cross-Validation,2013,1161
Cross-Validation,2012,1101
Cross-Validation,2011,972
Cross-Validation,2010,822
Cross-Validation,2009,772
Cross-Validation,2008,701
Cross-Validation,2007,583
Cross-Validation,2006,547
Cross-Validation,2005,431
Cross-Validation,2004,354
Cross-Validation,2003,270
Cross-Validation,2002,194
Cross-Validation,2001,151
Cross-Validation,2000,131
Cross-Validation,1999,113
Cross-Validation,1998,105
Cross-Validation,1997,88
Cross-Validation,1996,101
Cross-Validation,1995,85
Cross-Validation,1994,80
Cross-Validation,1993,51
Cross-Validation,1992,40
Cross-Validation,1991,36
Cross-Validation,1990,37
Cross-Validation,1989,34
Cross-Validation,1988,39
Cross-Validation,1987,25
Cross-Validation,1986,27
Cross-Validation,1985,24
Cross-Validation,1984,19
Cross-Validation,1983,26
Cross-Validation,1982,26
Cross-Validation,1981,16
Cross-Validation,1980,12
Cross-Validation,1979,17
Cross-Validation,1978,12
Cross-Validation,1977,8
Cross-Validation,1976,12
Cross-Validation,1975,10
Cross-Validation,1974,8
Cross-Validation,1973,5
Cross-Validation,1972,6
Cross-Validation,1971,3
Cross-Validation,1970,3
Cross-Validation,1969,2
Cross-Validation,1968,4
Cross-Validation,1967,7
Cross-Validation,1966,6
Cross-Validation,1965,2
Cross-Validation,1964,4
Cross-Validation,1963,6
Cross-Validation,1962,3
Cross-Validation,1961,3
Cross-Validation,1960,3
Cross-Validation,1959,3
Cross-Validation,1958,2
Cross-Validation,1957,2
Cross-Validation,1956,2
Cross-Validation,1955,3
Cross-Validation,1954,2
Cross-Validation,1953,2
Cross-Validation,1950,2
Decision Tree,2022,923
Decision Tree,2021,2696
Decision Tree,2020,2076
Decision Tree,2019,1608
Decision Tree,2018,1359
Decision Tree,2017,1054
Decision Tree,2016,1024
Decision Tree,2015,990
Decision Tree,2014,933
Decision Tree,2013,884
Decision Tree,2012,834
Decision Tree,2011,754
Decision Tree,2010,741
Decision Tree,2009,647
Decision Tree,2008,695
Decision Tree,2007,654
Decision Tree,2006,672
Decision Tree,2005,571
Decision Tree,2004,614
Decision Tree,2003,453
Decision Tree,2002,398
Decision Tree,2001,487
Decision Tree,2000,438
Decision Tree,1999,483
Decision Tree,1998,468
Decision Tree,1997,341
Decision Tree,1996,353
Decision Tree,1995,381
Decision Tree,1994,272
Decision Tree,1993,269
Decision Tree,1992,303
Decision Tree,1991,247
Decision Tree,1990,180
Decision Tree,1989,121
Decision Tree,1988,62
Decision Tree,1987,57
Decision Tree,1986,26
Decision Tree,1985,20
Decision Tree,1984,24
Decision Tree,1983,18
Decision Tree,1982,15
Decision Tree,1981,10
Decision Tree,1980,3
Decision Tree,1979,8
Decision Tree,1978,6
Decision Tree,1977,2
Decision Tree,1976,5
Decision Tree,1975,2
Decision Tree,1974,1
Decision Tree,1972,1
Decision Tree,1971,2
Decision Tree,1970,1
Decision Tree,1969,1
Decision Tree,1968,2
Decision Tree,1967,1
Deep Learning,2022,5778
Deep Learning,2021,14728
Deep Learning,2020,9299
Deep Learning,2019,5584
Deep Learning,2018,3080
Deep Learning,2017,1353
Deep Learning,2016,642
Deep Learning,2015,384
Deep Learning,2014,265
Deep Learning,2013,207
Deep Learning,2012,146
Deep Learning,2011,118
Deep Learning,2010,107
Deep Learning,2009,106
Deep Learning,2008,105
Deep Learning,2007,99
Deep Learning,2006,85
Deep Learning,2005,63
Deep Learning,2004,57
Deep Learning,2003,47
Deep Learning,2002,51
Deep Learning,2001,44
Deep Learning,2000,47
Deep Learning,1999,31
Deep Learning,1998,24
Deep Learning,1997,23
Deep Learning,1996,27
Deep Learning,1995,21
Deep Learning,1994,12
Deep Learning,1993,20
Deep Learning,1992,12
Deep Learning,1991,12
Deep Learning,1990,14
Deep Learning,1989,11
Deep Learning,1988,4
Deep Learning,1987,8
Deep Learning,1986,5
Deep Learning,1985,5
Deep Learning,1984,5
Deep Learning,1983,8
Deep Learning,1982,6
Deep Learning,1981,3
Deep Learning,1980,8
Deep Learning,1979,4
Deep Learning,1978,2
Deep Learning,1977,2
Deep Learning,1976,3
Deep Learning,1975,5
Deep Learning,1974,2
Deep Learning,1972,3
Deep Learning,1971,1
Deep Learning,1970,1
Deep Learning,1965,2
Deep Learning,1962,1
Deep Learning,1957,1
Deep Learning,1954,1
Dimensionality Reduction,2022,840
Dimensionality Reduction,2021,2563
Dimensionality Reduction,2020,2160
Dimensionality Reduction,2019,1920
Dimensionality Reduction,2018,1737
Dimensionality Reduction,2017,1592
Dimensionality Reduction,2016,1490
Dimensionality Reduction,2015,1469
Dimensionality Reduction,2014,1272
Dimensionality Reduction,2013,1157
Dimensionality Reduction,2012,1055
Dimensionality Reduction,2011,959
Dimensionality Reduction,2010,869
Dimensionality Reduction,2009,771
Dimensionality Reduction,2008,698
Dimensionality Reduction,2007,638
Dimensionality Reduction,2006,535
Dimensionality Reduction,2005,505
Dimensionality Reduction,2004,414
Dimensionality Reduction,2003,353
Dimensionality Reduction,2002,328
Dimensionality Reduction,2001,290
Dimensionality Reduction,2000,286
Dimensionality Reduction,1999,245
Dimensionality Reduction,1998,221
Dimensionality Reduction,1997,205
Dimensionality Reduction,1996,167
Dimensionality Reduction,1995,192
Dimensionality Reduction,1994,163
Dimensionality Reduction,1993,138
Dimensionality Reduction,1992,136
Dimensionality Reduction,1991,130
Dimensionality Reduction,1990,121
Dimensionality Reduction,1989,110
Dimensionality Reduction,1988,109
Dimensionality Reduction,1987,93
Dimensionality Reduction,1986,84
Dimensionality Reduction,1985,78
Dimensionality Reduction,1984,70
Dimensionality Reduction,1983,38
Dimensionality Reduction,1982,54
Dimensionality Reduction,1981,32
Dimensionality Reduction,1980,23
Dimensionality Reduction,1979,18
Dimensionality Reduction,1978,16
Dimensionality Reduction,1977,15
Dimensionality Reduction,1976,14
Dimensionality Reduction,1975,11
Dimensionality Reduction,1974,2
Dimensionality Reduction,1973,6
Dimensionality Reduction,1971,2
Dimensionality Reduction,1970,1
Dimensionality Reduction,1968,1
Dimensionality Reduction,1967,1
Dimensionality Reduction,1966,2
Dimensionality Reduction,1964,1
Discriminant Analysis,2022,1015
Discriminant Analysis,2021,3094
Discriminant Analysis,2020,2862
Discriminant Analysis,2019,2586
Discriminant Analysis,2018,2389
Discriminant Analysis,2017,2097
Discriminant Analysis,2016,2067
Discriminant Analysis,2015,1963
Discriminant Analysis,2014,1889
Discriminant Analysis,2013,1737
Discriminant Analysis,2012,1608
Discriminant Analysis,2011,1472
Discriminant Analysis,2010,1267
Discriminant Analysis,2009,1108
Discriminant Analysis,2008,1044
Discriminant Analysis,2007,999
Discriminant Analysis,2006,916
Discriminant Analysis,2005,835
Discriminant Analysis,2004,687
Discriminant Analysis,2003,631
Discriminant Analysis,2002,519
Discriminant Analysis,2001,547
Discriminant Analysis,2000,518
Discriminant Analysis,1999,509
Discriminant Analysis,1998,558
Discriminant Analysis,1997,548
Discriminant Analysis,1996,531
Discriminant Analysis,1995,508
Discriminant Analysis,1994,448
Discriminant Analysis,1993,524
Discriminant Analysis,1992,473
Discriminant Analysis,1991,455
Discriminant Analysis,1990,446
Discriminant Analysis,1989,407
Discriminant Analysis,1988,329
Discriminant Analysis,1987,308
Discriminant Analysis,1986,284
Discriminant Analysis,1985,268
Discriminant Analysis,1984,223
Discriminant Analysis,1983,222
Discriminant Analysis,1982,176
Discriminant Analysis,1981,162
Discriminant Analysis,1980,138
Discriminant Analysis,1979,116
Discriminant Analysis,1978,106
Discriminant Analysis,1977,87
Discriminant Analysis,1976,70
Discriminant Analysis,1975,65
Discriminant Analysis,1974,19
Discriminant Analysis,1973,13
Discriminant Analysis,1972,14
Discriminant Analysis,1971,16
Discriminant Analysis,1970,14
Discriminant Analysis,1969,14
Discriminant Analysis,1968,4
Discriminant Analysis,1967,9
Discriminant Analysis,1966,7
Discriminant Analysis,1965,3
Discriminant Analysis,1964,6
Discriminant Analysis,1963,7
Discriminant Analysis,1962,1
Discriminant Analysis,1961,1
Discriminant Analysis,1957,3
Discriminant Analysis,1956,1
Discriminant Analysis,1952,1
Discriminant Analysis,1951,1
Discriminant Analysis,1950,1
Embedding,2022,271
Embedding,2021,646
Embedding,2020,446
Embedding,2019,298
Embedding,2018,205
Embedding,2017,124
Embedding,2016,96
Embedding,2015,78
Embedding,2014,59
Embedding,2013,47
Embedding,2012,61
Embedding,2011,61
Embedding,2010,54
Embedding,2009,45
Embedding,2008,31
Embedding,2007,27
Embedding,2006,28
Embedding,2005,20
Embedding,2004,13
Embedding,2003,22
Embedding,2002,9
Embedding,2001,8
Embedding,2000,8
Embedding,1999,8
Embedding,1998,6
Embedding,1997,7
Embedding,1996,9
Embedding,1995,4
Embedding,1994,9
Embedding,1993,3
Embedding,1992,3
Embedding,1991,2
Embedding,1990,2
Embedding,1989,1
Embedding,1987,1
Embedding,1983,1
Embedding,1981,1
Embedding,1980,1
Embedding,1972,1
Ensemble Methods,2022,695
Ensemble Methods,2021,2181
Ensemble Methods,2020,1699
Ensemble Methods,2019,1526
Ensemble Methods,2018,1341
Ensemble Methods,2017,1153
Ensemble Methods,2016,1026
Ensemble Methods,2015,1000
Ensemble Methods,2014,911
Ensemble Methods,2013,859
Ensemble Methods,2012,820
Ensemble Methods,2011,784
Ensemble Methods,2010,657
Ensemble Methods,2009,611
Ensemble Methods,2008,559
Ensemble Methods,2007,512
Ensemble Methods,2006,410
Ensemble Methods,2005,388
Ensemble Methods,2004,320
Ensemble Methods,2003,223
Ensemble Methods,2002,174
Ensemble Methods,2001,154
Ensemble Methods,2000,109
Ensemble Methods,1999,102
Ensemble Methods,1998,69
Ensemble Methods,1997,68
Ensemble Methods,1996,53
Ensemble Methods,1995,62
Ensemble Methods,1994,38
Ensemble Methods,1993,54
Ensemble Methods,1992,32
Ensemble Methods,1991,28
Ensemble Methods,1990,32
Ensemble Methods,1989,14
Ensemble Methods,1988,15
Ensemble Methods,1987,17
Ensemble Methods,1986,15
Ensemble Methods,1985,12
Ensemble Methods,1984,21
Ensemble Methods,1983,12
Ensemble Methods,1982,6
Ensemble Methods,1981,6
Ensemble Methods,1980,5
Ensemble Methods,1979,8
Ensemble Methods,1978,9
Ensemble Methods,1977,9
Ensemble Methods,1976,2
Ensemble Methods,1975,4
Ensemble Methods,1974,3
Ensemble Methods,1973,4
Ensemble Methods,1972,2
Ensemble Methods,1970,2
Ensemble Methods,1968,1
Ensemble Methods,1966,1
Ensemble Methods,1964,1
Ensemble Methods,1961,1
Feature Selection,2022,634
Feature Selection,2021,1862
Feature Selection,2020,1373
Feature Selection,2019,1065
Feature Selection,2018,893
Feature Selection,2017,704
Feature Selection,2016,609
Feature Selection,2015,576
Feature Selection,2014,548
Feature Selection,2013,438
Feature Selection,2012,346
Feature Selection,2011,319
Feature Selection,2010,277
Feature Selection,2009,244
Feature Selection,2008,193
Feature Selection,2007,149
Feature Selection,2006,114
Feature Selection,2005,93
Feature Selection,2004,76
Feature Selection,2003,43
Feature Selection,2002,23
Feature Selection,2001,23
Feature Selection,2000,15
Feature Selection,1999,12
Feature Selection,1998,10
Feature Selection,1997,8
Feature Selection,1996,6
Feature Selection,1995,2
Feature Selection,1994,2
Feature Selection,1993,3
Feature Selection,1992,2
Feature Selection,1991,2
Feature Selection,1990,2
Feature Selection,1989,1
Feature Selection,1987,3
Feature Selection,1985,1
Feature Selection,1984,2
Feature Selection,1983,2
Feature Selection,1981,2
Feature Selection,1980,1
Feature Selection,1978,3
Feature Selection,1977,2
Feature Selection,1976,3
Feature Selection,1974,1
Feature Selection,1970,1
Gaussian Process,2022,561
Gaussian Process,2021,1832
Gaussian Process,2020,1776
Gaussian Process,2019,1603
Gaussian Process,2018,1497
Gaussian Process,2017,1311
Gaussian Process,2016,1273
Gaussian Process,2015,1191
Gaussian Process,2014,1172
Gaussian Process,2013,1077
Gaussian Process,2012,1036
Gaussian Process,2011,1069
Gaussian Process,2010,1067
Gaussian Process,2009,993
Gaussian Process,2008,802
Gaussian Process,2007,721
Gaussian Process,2006,678
Gaussian Process,2005,704
Gaussian Process,2004,595
Gaussian Process,2003,523
Gaussian Process,2002,484
Gaussian Process,2001,492
Gaussian Process,2000,452
Gaussian Process,1999,465
Gaussian Process,1998,395
Gaussian Process,1997,369
Gaussian Process,1996,394
Gaussian Process,1995,369
Gaussian Process,1994,323
Gaussian Process,1993,307
Gaussian Process,1992,263
Gaussian Process,1991,234
Gaussian Process,1990,232
Gaussian Process,1989,195
Gaussian Process,1988,172
Gaussian Process,1987,136
Gaussian Process,1986,124
Gaussian Process,1985,121
Gaussian Process,1984,114
Gaussian Process,1983,109
Gaussian Process,1982,87
Gaussian Process,1981,77
Gaussian Process,1980,61
Gaussian Process,1979,67
Gaussian Process,1978,62
Gaussian Process,1977,40
Gaussian Process,1976,51
Gaussian Process,1975,57
Gaussian Process,1974,10
Gaussian Process,1973,6
Gaussian Process,1972,5
Gaussian Process,1971,7
Gaussian Process,1970,8
Gaussian Process,1969,4
Gaussian Process,1968,1
Gaussian Process,1967,1
Gaussian Process,1966,3
Gaussian Process,1965,3
Gaussian Process,1963,1
Gaussian Process,1962,1
Gaussian Process,1961,2
Gaussian Process,1959,1
Gaussian Process,1954,1
Gaussian Process,1952,1
Gaussian Process,1950,1
Gaussian Process,1948,1
Gaussian Process,1947,1
Gaussian Process,1940,1
Gaussian Process,1939,1
Gaussian Process,1938,1
Gaussian Process,1936,1
Gaussian Process,1932,1
Gaussian Process,1925,1
Gaussian Process,1920,1
Gaussian Process,1905,1
Generalized Additive Models,2022,3886
Generalized Additive Models,2021,11700
Generalized Additive Models,2020,10036
Generalized Additive Models,2019,9095
Generalized Additive Models,2018,8345
Generalized Additive Models,2017,7973
Generalized Additive Models,2016,7308
Generalized Additive Models,2015,7133
Generalized Additive Models,2014,6612
Generalized Additive Models,2013,6040
Generalized Additive Models,2012,5538
Generalized Additive Models,2011,4972
Generalized Additive Models,2010,4431
Generalized Additive Models,2009,3994
Generalized Additive Models,2008,3864
Generalized Additive Models,2007,3436
Generalized Additive Models,2006,3139
Generalized Additive Models,2005,2842
Generalized Additive Models,2004,2508
Generalized Additive Models,2003,2137
Generalized Additive Models,2002,1968
Generalized Additive Models,2001,1873
Generalized Additive Models,2000,1601
Generalized Additive Models,1999,1370
Generalized Additive Models,1998,1276
Generalized Additive Models,1997,1098
Generalized Additive Models,1996,1068
Generalized Additive Models,1995,906
Generalized Additive Models,1994,795
Generalized Additive Models,1993,713
Generalized Additive Models,1992,606
Generalized Additive Models,1991,578
Generalized Additive Models,1990,469
Generalized Additive Models,1989,390
Generalized Additive Models,1988,310
Generalized Additive Models,1987,303
Generalized Additive Models,1986,273
Generalized Additive Models,1985,250
Generalized Additive Models,1984,249
Generalized Additive Models,1983,187
Generalized Additive Models,1982,160
Generalized Additive Models,1981,130
Generalized Additive Models,1980,97
Generalized Additive Models,1979,91
Generalized Additive Models,1978,79
Generalized Additive Models,1977,76
Generalized Additive Models,1976,98
Generalized Additive Models,1975,67
Generalized Additive Models,1974,23
Generalized Additive Models,1973,14
Generalized Additive Models,1972,12
Generalized Additive Models,1971,17
Generalized Additive Models,1970,10
Generalized Additive Models,1969,3
Generalized Additive Models,1968,6
Generalized Additive Models,1967,4
Generalized Additive Models,1966,1
Generalized Additive Models,1965,2
Generalized Additive Models,1964,1
Generalized Additive Models,1963,1
Generalized Additive Models,1962,1
Generalized Additive Models,1961,1
Generalized Additive Models,1952,1
Generalized Estimating Equations,2022,1084
Generalized Estimating Equations,2021,3006
Generalized Estimating Equations,2020,2553
Generalized Estimating Equations,2019,2237
Generalized Estimating Equations,2018,2195
Generalized Estimating Equations,2017,2068
Generalized Estimating Equations,2016,1931
Generalized Estimating Equations,2015,1802
Generalized Estimating Equations,2014,1589
Generalized Estimating Equations,2013,1454
Generalized Estimating Equations,2012,1287
Generalized Estimating Equations,2011,1129
Generalized Estimating Equations,2010,1032
Generalized Estimating Equations,2009,856
Generalized Estimating Equations,2008,654
Generalized Estimating Equations,2007,605
Generalized Estimating Equations,2006,508
Generalized Estimating Equations,2005,471
Generalized Estimating Equations,2004,372
Generalized Estimating Equations,2003,317
Generalized Estimating Equations,2002,275
Generalized Estimating Equations,2001,270
Generalized Estimating Equations,2000,216
Generalized Estimating Equations,1999,193
Generalized Estimating Equations,1998,138
Generalized Estimating Equations,1997,150
Generalized Estimating Equations,1996,150
Generalized Estimating Equations,1995,122
Generalized Estimating Equations,1994,120
Generalized Estimating Equations,1993,84
Generalized Estimating Equations,1992,62
Generalized Estimating Equations,1991,75
Generalized Estimating Equations,1990,61
Generalized Estimating Equations,1989,60
Generalized Estimating Equations,1988,45
Generalized Estimating Equations,1987,45
Generalized Estimating Equations,1986,41
Generalized Estimating Equations,1985,38
Generalized Estimating Equations,1984,38
Generalized Estimating Equations,1983,36
Generalized Estimating Equations,1982,34
Generalized Estimating Equations,1981,27
Generalized Estimating Equations,1980,20
Generalized Estimating Equations,1979,21
Generalized Estimating Equations,1978,25
Generalized Estimating Equations,1977,13
Generalized Estimating Equations,1976,16
Generalized Estimating Equations,1975,18
Generalized Estimating Equations,1974,2
Generalized Estimating Equations,1973,2
Generalized Estimating Equations,1972,3
Generalized Estimating Equations,1971,4
Generalized Estimating Equations,1970,3
Generalized Estimating Equations,1969,3
Generalized Estimating Equations,1968,2
Generalized Estimating Equations,1967,3
Generalized Estimating Equations,1961,1
Generalized Estimating Equations,1933,1
Generalized Estimating Equations,1926,1
Generalized Linear Model,2022,3078
Generalized Linear Model,2021,8807
Generalized Linear Model,2020,7608
Generalized Linear Model,2019,6952
Generalized Linear Model,2018,6099
Generalized Linear Model,2017,5914
Generalized Linear Model,2016,5446
Generalized Linear Model,2015,5154
Generalized Linear Model,2014,4705
Generalized Linear Model,2013,4295
Generalized Linear Model,2012,3830
Generalized Linear Model,2011,3400
Generalized Linear Model,2010,3025
Generalized Linear Model,2009,2623
Generalized Linear Model,2008,2341
Generalized Linear Model,2007,1982
Generalized Linear Model,2006,1832
Generalized Linear Model,2005,1524
Generalized Linear Model,2004,1318
Generalized Linear Model,2003,1144
Generalized Linear Model,2002,1013
Generalized Linear Model,2001,905
Generalized Linear Model,2000,869
Generalized Linear Model,1999,774
Generalized Linear Model,1998,615
Generalized Linear Model,1997,673
Generalized Linear Model,1996,542
Generalized Linear Model,1995,470
Generalized Linear Model,1994,430
Generalized Linear Model,1993,331
Generalized Linear Model,1992,321
Generalized Linear Model,1991,251
Generalized Linear Model,1990,203
Generalized Linear Model,1989,204
Generalized Linear Model,1988,162
Generalized Linear Model,1987,138
Generalized Linear Model,1986,121
Generalized Linear Model,1985,125
Generalized Linear Model,1984,99
Generalized Linear Model,1983,107
Generalized Linear Model,1982,86
Generalized Linear Model,1981,68
Generalized Linear Model,1980,58
Generalized Linear Model,1979,49
Generalized Linear Model,1978,54
Generalized Linear Model,1977,36
Generalized Linear Model,1976,43
Generalized Linear Model,1975,34
Generalized Linear Model,1974,12
Generalized Linear Model,1973,10
Generalized Linear Model,1972,11
Generalized Linear Model,1971,10
Generalized Linear Model,1970,8
Generalized Linear Model,1969,6
Generalized Linear Model,1968,4
Generalized Linear Model,1967,2
Generalized Linear Model,1966,3
Generalized Linear Model,1965,1
Generalized Linear Model,1964,2
Generalized Linear Model,1962,2
Generalized Linear Model,1961,1
Generalized Linear Model,1960,1
Generalized Linear Model,1959,1
Gradient Descent,2022,114
Gradient Descent,2021,346
Gradient Descent,2020,240
Gradient Descent,2019,193
Gradient Descent,2018,151
Gradient Descent,2017,132
Gradient Descent,2016,96
Gradient Descent,2015,90
Gradient Descent,2014,76
Gradient Descent,2013,80
Gradient Descent,2012,72
Gradient Descent,2011,47
Gradient Descent,2010,48
Gradient Descent,2009,51
Gradient Descent,2008,52
Gradient Descent,2007,55
Gradient Descent,2006,42
Gradient Descent,2005,32
Gradient Descent,2004,32
Gradient Descent,2003,28
Gradient Descent,2002,24
Gradient Descent,2001,28
Gradient Descent,2000,18
Gradient Descent,1999,21
Gradient Descent,1998,19
Gradient Descent,1997,27
Gradient Descent,1996,28
Gradient Descent,1995,14
Gradient Descent,1994,21
Gradient Descent,1993,9
Gradient Descent,1992,14
Gradient Descent,1991,15
Gradient Descent,1990,6
Gradient Descent,1989,5
Gradient Descent,1988,4
Gradient Descent,1986,1
Gradient Descent,1985,7
Gradient Descent,1984,2
Gradient Descent,1983,2
Gradient Descent,1982,2
Gradient Descent,1981,1
Gradient Descent,1980,1
Gradient Descent,1979,1
Gradient Descent,1977,2
Gradient Descent,1976,1
Gradient Descent,1963,1
Gradient Descent,1962,1
Hazard Ratio,2022,7990
Hazard Ratio,2021,22736
Hazard Ratio,2020,20222
Hazard Ratio,2019,17458
Hazard Ratio,2018,15838
Hazard Ratio,2017,15133
Hazard Ratio,2016,13941
Hazard Ratio,2015,12666
Hazard Ratio,2014,11337
Hazard Ratio,2013,10193
Hazard Ratio,2012,8672
Hazard Ratio,2011,7411
Hazard Ratio,2010,6471
Hazard Ratio,2009,5619
Hazard Ratio,2008,4766
Hazard Ratio,2007,3907
Hazard Ratio,2006,3183
Hazard Ratio,2005,2547
Hazard Ratio,2004,1830
Hazard Ratio,2003,1526
Hazard Ratio,2002,1122
Hazard Ratio,2001,896
Hazard Ratio,2000,702
Hazard Ratio,1999,587
Hazard Ratio,1998,505
Hazard Ratio,1997,406
Hazard Ratio,1996,338
Hazard Ratio,1995,278
Hazard Ratio,1994,227
Hazard Ratio,1993,187
Hazard Ratio,1992,135
Hazard Ratio,1991,96
Hazard Ratio,1990,68
Hazard Ratio,1989,70
Hazard Ratio,1988,68
Hazard Ratio,1987,32
Hazard Ratio,1986,29
Hazard Ratio,1985,20
Hazard Ratio,1984,18
Hazard Ratio,1983,25
Hazard Ratio,1982,18
Hazard Ratio,1981,16
Hazard Ratio,1980,11
Hazard Ratio,1979,6
Hazard Ratio,1978,8
Hazard Ratio,1977,11
Hazard Ratio,1976,10
Hazard Ratio,1975,6
Hazard Ratio,1974,4
Hazard Ratio,1972,2
Hazard Ratio,1971,1
Hazard Ratio,1970,1
Hazard Ratio,1968,1
Hazard Ratio,1966,1
Hazard Ratio,1965,1
Hazard Ratio,1942,1
Hazard Ratio,1932,1
Heteroscedascity,2022,40
Heteroscedascity,2021,119
Heteroscedascity,2020,105
Heteroscedascity,2019,83
Heteroscedascity,2018,90
Heteroscedascity,2017,89
Heteroscedascity,2016,78
Heteroscedascity,2015,63
Heteroscedascity,2014,61
Heteroscedascity,2013,59
Heteroscedascity,2012,52
Heteroscedascity,2011,49
Heteroscedascity,2010,31
Heteroscedascity,2009,26
Heteroscedascity,2008,28
Heteroscedascity,2007,26
Heteroscedascity,2006,25
Heteroscedascity,2005,13
Heteroscedascity,2004,14
Heteroscedascity,2003,12
Heteroscedascity,2002,17
Heteroscedascity,2001,13
Heteroscedascity,2000,8
Heteroscedascity,1999,5
Heteroscedascity,1998,12
Heteroscedascity,1997,6
Heteroscedascity,1996,6
Heteroscedascity,1995,7
Heteroscedascity,1994,2
Heteroscedascity,1993,7
Heteroscedascity,1992,1
Heteroscedascity,1991,1
Heteroscedascity,1990,3
Heteroscedascity,1989,3
Heteroscedascity,1988,4
Heteroscedascity,1987,4
Heteroscedascity,1986,4
Heteroscedascity,1985,3
Heteroscedascity,1984,5
Heteroscedascity,1978,1
Hyperparameter,2022,234
Hyperparameter,2021,654
Hyperparameter,2020,364
Hyperparameter,2019,222
Hyperparameter,2018,130
Hyperparameter,2017,73
Hyperparameter,2016,52
Hyperparameter,2015,40
Hyperparameter,2014,20
Hyperparameter,2013,27
Hyperparameter,2012,24
Hyperparameter,2011,34
Hyperparameter,2010,30
Hyperparameter,2009,22
Hyperparameter,2008,22
Hyperparameter,2007,16
Hyperparameter,2006,19
Hyperparameter,2005,13
Hyperparameter,2004,12
Hyperparameter,2003,12
Hyperparameter,2002,10
Hyperparameter,2001,14
Hyperparameter,2000,8
Hyperparameter,1999,3
Hyperparameter,1998,4
Hyperparameter,1997,2
Hyperparameter,1990,1
Hyperparameter,1988,1
Hyperparameter,1983,1
Imputation Missing,2022,307
Imputation Missing,2021,782
Imputation Missing,2020,683
Imputation Missing,2019,561
Imputation Missing,2018,528
Imputation Missing,2017,449
Imputation Missing,2016,420
Imputation Missing,2015,385
Imputation Missing,2014,363
Imputation Missing,2013,289
Imputation Missing,2012,247
Imputation Missing,2011,233
Imputation Missing,2010,190
Imputation Missing,2009,136
Imputation Missing,2008,105
Imputation Missing,2007,126
Imputation Missing,2006,68
Imputation Missing,2005,70
Imputation Missing,2004,47
Imputation Missing,2003,32
Imputation Missing,2002,23
Imputation Missing,2001,39
Imputation Missing,2000,20
Imputation Missing,1999,15
Imputation Missing,1998,14
Imputation Missing,1997,8
Imputation Missing,1996,8
Imputation Missing,1995,7
Imputation Missing,1994,6
Imputation Missing,1993,4
Imputation Missing,1992,3
Imputation Missing,1991,6
Imputation Missing,1990,4
Imputation Missing,1989,4
Imputation Missing,1988,2
Imputation Missing,1987,1
Imputation Missing,1985,2
Imputation Missing,1981,1
Imputation Missing,1978,1
Kruskal-Wallis,2022,880
Kruskal-Wallis,2021,2897
Kruskal-Wallis,2020,2309
Kruskal-Wallis,2019,1945
Kruskal-Wallis,2018,1749
Kruskal-Wallis,2017,1575
Kruskal-Wallis,2016,1515
Kruskal-Wallis,2015,1444
Kruskal-Wallis,2014,1340
Kruskal-Wallis,2013,1158
Kruskal-Wallis,2012,1018
Kruskal-Wallis,2011,892
Kruskal-Wallis,2010,740
Kruskal-Wallis,2009,659
Kruskal-Wallis,2008,561
Kruskal-Wallis,2007,524
Kruskal-Wallis,2006,473
Kruskal-Wallis,2005,387
Kruskal-Wallis,2004,286
Kruskal-Wallis,2003,340
Kruskal-Wallis,2002,259
Kruskal-Wallis,2001,209
Kruskal-Wallis,2000,184
Kruskal-Wallis,1999,143
Kruskal-Wallis,1998,145
Kruskal-Wallis,1997,126
Kruskal-Wallis,1996,120
Kruskal-Wallis,1995,83
Kruskal-Wallis,1994,78
Kruskal-Wallis,1993,51
Kruskal-Wallis,1992,40
Kruskal-Wallis,1991,30
Kruskal-Wallis,1990,33
Kruskal-Wallis,1989,25
Kruskal-Wallis,1988,13
Kruskal-Wallis,1987,11
Kruskal-Wallis,1986,7
Kruskal-Wallis,1985,8
Kruskal-Wallis,1984,12
Kruskal-Wallis,1983,3
Kruskal-Wallis,1982,2
Kruskal-Wallis,1981,7
Kruskal-Wallis,1980,6
Kruskal-Wallis,1979,7
Kruskal-Wallis,1978,3
Kruskal-Wallis,1977,2
Kruskal-Wallis,1976,2
Kruskal-Wallis,1975,2
Linear Mixed Model,2022,2352
Linear Mixed Model,2021,6376
Linear Mixed Model,2020,5404
Linear Mixed Model,2019,4606
Linear Mixed Model,2018,3932
Linear Mixed Model,2017,3645
Linear Mixed Model,2016,3059
Linear Mixed Model,2015,2683
Linear Mixed Model,2014,2365
Linear Mixed Model,2013,1932
Linear Mixed Model,2012,1644
Linear Mixed Model,2011,1414
Linear Mixed Model,2010,1150
Linear Mixed Model,2009,922
Linear Mixed Model,2008,753
Linear Mixed Model,2007,591
Linear Mixed Model,2006,519
Linear Mixed Model,2005,447
Linear Mixed Model,2004,344
Linear Mixed Model,2003,243
Linear Mixed Model,2002,210
Linear Mixed Model,2001,172
Linear Mixed Model,2000,171
Linear Mixed Model,1999,143
Linear Mixed Model,1998,107
Linear Mixed Model,1997,92
Linear Mixed Model,1996,93
Linear Mixed Model,1995,84
Linear Mixed Model,1994,57
Linear Mixed Model,1993,47
Linear Mixed Model,1992,47
Linear Mixed Model,1991,37
Linear Mixed Model,1990,22
Linear Mixed Model,1989,27
Linear Mixed Model,1988,20
Linear Mixed Model,1987,25
Linear Mixed Model,1986,16
Linear Mixed Model,1985,19
Linear Mixed Model,1984,15
Linear Mixed Model,1983,13
Linear Mixed Model,1982,8
Linear Mixed Model,1981,6
Linear Mixed Model,1980,10
Linear Mixed Model,1979,6
Linear Mixed Model,1978,7
Linear Mixed Model,1977,6
Linear Mixed Model,1976,6
Linear Mixed Model,1975,7
Linear Mixed Model,1974,2
Linear Mixed Model,1972,1
Linear Mixed Model,1971,1
Linear Mixed Model,1970,1
Linear Mixed Model,1967,1
Linear Models,2022,724
Linear Models,2021,2011
Linear Models,2020,1790
Linear Models,2019,1570
Linear Models,2018,1501
Linear Models,2017,1378
Linear Models,2016,1317
Linear Models,2015,1219
Linear Models,2014,1157
Linear Models,2013,989
Linear Models,2012,862
Linear Models,2011,766
Linear Models,2010,667
Linear Models,2009,648
Linear Models,2008,592
Linear Models,2007,536
Linear Models,2006,443
Linear Models,2005,344
Linear Models,2004,292
Linear Models,2003,238
Linear Models,2002,206
Linear Models,2001,192
Linear Models,2000,192
Linear Models,1999,155
Linear Models,1998,134
Linear Models,1997,139
Linear Models,1996,106
Linear Models,1995,108
Linear Models,1994,106
Linear Models,1993,102
Linear Models,1992,101
Linear Models,1991,83
Linear Models,1990,70
Linear Models,1989,80
Linear Models,1988,49
Linear Models,1987,61
Linear Models,1986,45
Linear Models,1985,48
Linear Models,1984,46
Linear Models,1983,41
Linear Models,1982,31
Linear Models,1981,21
Linear Models,1980,18
Linear Models,1979,17
Linear Models,1978,17
Linear Models,1977,12
Linear Models,1976,17
Linear Models,1975,11
Linear Models,1974,4
Linear Models,1973,3
Linear Models,1972,3
Linear Models,1971,3
Linear Models,1969,4
Linear Models,1968,2
Linear Models,1967,2
Linear Models,1966,1
Linear Models,1965,2
Linear Models,1963,1
Linear Regression,2022,9770
Linear Regression,2021,28933
Linear Regression,2020,25642
Linear Regression,2019,23015
Linear Regression,2018,21389
Linear Regression,2017,20177
Linear Regression,2016,19292
Linear Regression,2015,18859
Linear Regression,2014,18017
Linear Regression,2013,17358
Linear Regression,2012,16644
Linear Regression,2011,14974
Linear Regression,2010,12980
Linear Regression,2009,11250
Linear Regression,2008,9955
Linear Regression,2007,8762
Linear Regression,2006,7992
Linear Regression,2005,7097
Linear Regression,2004,6029
Linear Regression,2003,5221
Linear Regression,2002,4722
Linear Regression,2001,4442
Linear Regression,2000,4170
Linear Regression,1999,3882
Linear Regression,1998,3671
Linear Regression,1997,3505
Linear Regression,1996,3201
Linear Regression,1995,2802
Linear Regression,1994,2436
Linear Regression,1993,1990
Linear Regression,1992,1776
Linear Regression,1991,1558
Linear Regression,1990,1408
Linear Regression,1989,1295
Linear Regression,1988,991
Linear Regression,1987,985
Linear Regression,1986,881
Linear Regression,1985,814
Linear Regression,1984,727
Linear Regression,1983,673
Linear Regression,1982,526
Linear Regression,1981,469
Linear Regression,1980,418
Linear Regression,1979,356
Linear Regression,1978,342
Linear Regression,1977,330
Linear Regression,1976,295
Linear Regression,1975,280
Linear Regression,1974,82
Linear Regression,1973,49
Linear Regression,1972,67
Linear Regression,1971,54
Linear Regression,1970,43
Linear Regression,1969,46
Linear Regression,1968,30
Linear Regression,1967,16
Linear Regression,1966,14
Linear Regression,1965,9
Linear Regression,1964,2
Linear Regression,1963,5
Linear Regression,1962,2
Linear Regression,1961,4
Linear Regression,1958,1
Linear Regression,1951,1
Linear Regression,1949,1
Linear Regression,1948,1
Logistic Regression,2022,16621
Logistic Regression,2021,49882
Logistic Regression,2020,41789
Logistic Regression,2019,35478
Logistic Regression,2018,32721
Logistic Regression,2017,31356
Logistic Regression,2016,29542
Logistic Regression,2015,27849
Logistic Regression,2014,25354
Logistic Regression,2013,24792
Logistic Regression,2012,23021
Logistic Regression,2011,19927
Logistic Regression,2010,17064
Logistic Regression,2009,14738
Logistic Regression,2008,12891
Logistic Regression,2007,10970
Logistic Regression,2006,9691
Logistic Regression,2005,8670
Logistic Regression,2004,7485
Logistic Regression,2003,6666
Logistic Regression,2002,5719
Logistic Regression,2001,5586
Logistic Regression,2000,4674
Logistic Regression,1999,4193
Logistic Regression,1998,3889
Logistic Regression,1997,3586
Logistic Regression,1996,2968
Logistic Regression,1995,2456
Logistic Regression,1994,2095
Logistic Regression,1993,1635
Logistic Regression,1992,1383
Logistic Regression,1991,996
Logistic Regression,1990,808
Logistic Regression,1989,600
Logistic Regression,1988,456
Logistic Regression,1987,317
Logistic Regression,1986,234
Logistic Regression,1985,212
Logistic Regression,1984,152
Logistic Regression,1983,107
Logistic Regression,1982,75
Logistic Regression,1981,47
Logistic Regression,1980,34
Logistic Regression,1979,22
Logistic Regression,1978,25
Logistic Regression,1977,12
Logistic Regression,1976,16
Logistic Regression,1975,6
Logistic Regression,1974,6
Logistic Regression,1973,4
Logistic Regression,1972,1
Logistic Regression,1971,1
Logistic Regression,1970,1
Logistic Regression,1967,1
Logistic Regression,1966,1
Logistic Regression,1964,1
Longitudinal Data Analysis,2022,2418
Longitudinal Data Analysis,2021,6695
Longitudinal Data Analysis,2020,5966
Longitudinal Data Analysis,2019,5482
Longitudinal Data Analysis,2018,4999
Longitudinal Data Analysis,2017,4711
Longitudinal Data Analysis,2016,4238
Longitudinal Data Analysis,2015,3946
Longitudinal Data Analysis,2014,3701
Longitudinal Data Analysis,2013,3482
Longitudinal Data Analysis,2012,3045
Longitudinal Data Analysis,2011,2629
Longitudinal Data Analysis,2010,2311
Longitudinal Data Analysis,2009,1909
Longitudinal Data Analysis,2008,1697
Longitudinal Data Analysis,2007,1509
Longitudinal Data Analysis,2006,1296
Longitudinal Data Analysis,2005,1223
Longitudinal Data Analysis,2004,1029
Longitudinal Data Analysis,2003,968
Longitudinal Data Analysis,2002,826
Longitudinal Data Analysis,2001,725
Longitudinal Data Analysis,2000,781
Longitudinal Data Analysis,1999,721
Longitudinal Data Analysis,1998,622
Longitudinal Data Analysis,1997,654
Longitudinal Data Analysis,1996,503
Longitudinal Data Analysis,1995,441
Longitudinal Data Analysis,1994,445
Longitudinal Data Analysis,1993,372
Longitudinal Data Analysis,1992,348
Longitudinal Data Analysis,1991,285
Longitudinal Data Analysis,1990,227
Longitudinal Data Analysis,1989,184
Longitudinal Data Analysis,1988,167
Longitudinal Data Analysis,1987,119
Longitudinal Data Analysis,1986,117
Longitudinal Data Analysis,1985,103
Longitudinal Data Analysis,1984,113
Longitudinal Data Analysis,1983,75
Longitudinal Data Analysis,1982,76
Longitudinal Data Analysis,1981,43
Longitudinal Data Analysis,1980,30
Longitudinal Data Analysis,1979,51
Longitudinal Data Analysis,1978,26
Longitudinal Data Analysis,1977,24
Longitudinal Data Analysis,1976,30
Longitudinal Data Analysis,1975,23
Longitudinal Data Analysis,1974,5
Longitudinal Data Analysis,1973,4
Longitudinal Data Analysis,1972,2
Longitudinal Data Analysis,1971,3
Longitudinal Data Analysis,1970,3
Longitudinal Data Analysis,1969,1
Longitudinal Data Analysis,1968,1
Longitudinal Data Analysis,1967,1
Longitudinal Data Analysis,1966,1
Longitudinal Data Analysis,1963,2
Longitudinal Data Analysis,1957,1
Longitudinal Data Analysis,1956,1
Longitudinal Data Analysis,1954,1
Machine Learning,2022,8674
Machine Learning,2021,25288
Machine Learning,2020,18107
Machine Learning,2019,12622
Machine Learning,2018,8313
Machine Learning,2017,5277
Machine Learning,2016,3915
Machine Learning,2015,3286
Machine Learning,2014,2418
Machine Learning,2013,1923
Machine Learning,2012,1487
Machine Learning,2011,1139
Machine Learning,2010,713
Machine Learning,2009,595
Machine Learning,2008,499
Machine Learning,2007,409
Machine Learning,2006,322
Machine Learning,2005,247
Machine Learning,2004,183
Machine Learning,2003,120
Machine Learning,2002,97
Machine Learning,2001,81
Machine Learning,2000,57
Machine Learning,1999,34
Machine Learning,1998,30
Machine Learning,1997,33
Machine Learning,1996,30
Machine Learning,1995,32
Machine Learning,1994,24
Machine Learning,1993,22
Machine Learning,1992,15
Machine Learning,1991,12
Machine Learning,1990,7
Machine Learning,1989,7
Machine Learning,1988,7
Machine Learning,1987,3
Machine Learning,1986,6
Machine Learning,1985,4
Machine Learning,1984,3
Machine Learning,1983,3
Machine Learning,1982,3
Machine Learning,1981,1
Machine Learning,1980,3
Machine Learning,1979,1
Machine Learning,1978,2
Machine Learning,1976,3
Machine Learning,1975,3
Machine Learning,1974,2
Machine Learning,1973,1
Machine Learning,1972,1
Machine Learning,1970,1
Machine Learning,1969,2
Machine Learning,1968,2
Machine Learning,1967,1
Machine Learning,1966,2
Machine Learning,1965,1
Machine Learning,1964,4
Machine Learning,1962,1
Machine Learning,1957,1
Matrix Decomposition,2022,139
Matrix Decomposition,2021,441
Matrix Decomposition,2020,380
Matrix Decomposition,2019,347
Matrix Decomposition,2018,315
Matrix Decomposition,2017,294
Matrix Decomposition,2016,286
Matrix Decomposition,2015,247
Matrix Decomposition,2014,219
Matrix Decomposition,2013,219
Matrix Decomposition,2012,168
Matrix Decomposition,2011,143
Matrix Decomposition,2010,139
Matrix Decomposition,2009,111
Matrix Decomposition,2008,134
Matrix Decomposition,2007,108
Matrix Decomposition,2006,98
Matrix Decomposition,2005,88
Matrix Decomposition,2004,72
Matrix Decomposition,2003,56
Matrix Decomposition,2002,55
Matrix Decomposition,2001,46
Matrix Decomposition,2000,26
Matrix Decomposition,1999,25
Matrix Decomposition,1998,19
Matrix Decomposition,1997,26
Matrix Decomposition,1996,23
Matrix Decomposition,1995,15
Matrix Decomposition,1994,17
Matrix Decomposition,1993,20
Matrix Decomposition,1992,10
Matrix Decomposition,1991,14
Matrix Decomposition,1990,10
Matrix Decomposition,1989,11
Matrix Decomposition,1988,8
Matrix Decomposition,1987,9
Matrix Decomposition,1986,7
Matrix Decomposition,1985,3
Matrix Decomposition,1984,5
Matrix Decomposition,1983,4
Matrix Decomposition,1982,8
Matrix Decomposition,1981,1
Matrix Decomposition,1980,3
Matrix Decomposition,1979,3
Matrix Decomposition,1978,3
Matrix Decomposition,1977,3
Matrix Decomposition,1976,4
Matrix Decomposition,1975,2
Matrix Decomposition,1974,2
Matrix Decomposition,1969,1
Matrix Decomposition,1957,1
Matrix Decomposition,1905,1
Model Selection,2022,172
Model Selection,2021,460
Model Selection,2020,431
Model Selection,2019,443
Model Selection,2018,424
Model Selection,2017,425
Model Selection,2016,380
Model Selection,2015,401
Model Selection,2014,333
Model Selection,2013,298
Model Selection,2012,272
Model Selection,2011,246
Model Selection,2010,260
Model Selection,2009,220
Model Selection,2008,175
Model Selection,2007,145
Model Selection,2006,139
Model Selection,2005,111
Model Selection,2004,92
Model Selection,2003,57
Model Selection,2002,42
Model Selection,2001,47
Model Selection,2000,46
Model Selection,1999,38
Model Selection,1998,20
Model Selection,1997,22
Model Selection,1996,20
Model Selection,1995,14
Model Selection,1994,10
Model Selection,1993,5
Model Selection,1992,7
Model Selection,1991,7
Model Selection,1990,6
Model Selection,1989,6
Model Selection,1988,3
Model Selection,1987,2
Model Selection,1986,5
Model Selection,1985,3
Model Selection,1984,2
Model Selection,1983,7
Model Selection,1982,2
Model Selection,1981,2
Model Selection,1978,1
Model Selection,1976,1
Model Selection,1970,1
Multiple Regression,2022,6363
Multiple Regression,2021,19063
Multiple Regression,2020,15906
Multiple Regression,2019,13576
Multiple Regression,2018,12543
Multiple Regression,2017,11641
Multiple Regression,2016,11253
Multiple Regression,2015,10723
Multiple Regression,2014,10044
Multiple Regression,2013,9278
Multiple Regression,2012,8487
Multiple Regression,2011,7657
Multiple Regression,2010,6681
Multiple Regression,2009,6004
Multiple Regression,2008,5611
Multiple Regression,2007,5096
Multiple Regression,2006,4575
Multiple Regression,2005,4064
Multiple Regression,2004,3495
Multiple Regression,2003,3214
Multiple Regression,2002,2930
Multiple Regression,2001,2841
Multiple Regression,2000,2495
Multiple Regression,1999,2350
Multiple Regression,1998,2132
Multiple Regression,1997,2142
Multiple Regression,1996,1979
Multiple Regression,1995,1688
Multiple Regression,1994,1492
Multiple Regression,1993,1400
Multiple Regression,1992,1245
Multiple Regression,1991,1116
Multiple Regression,1990,1042
Multiple Regression,1989,929
Multiple Regression,1988,710
Multiple Regression,1987,635
Multiple Regression,1986,553
Multiple Regression,1985,521
Multiple Regression,1984,436
Multiple Regression,1983,404
Multiple Regression,1982,354
Multiple Regression,1981,277
Multiple Regression,1980,265
Multiple Regression,1979,213
Multiple Regression,1978,188
Multiple Regression,1977,164
Multiple Regression,1976,152
Multiple Regression,1975,133
Multiple Regression,1974,26
Multiple Regression,1973,35
Multiple Regression,1972,22
Multiple Regression,1971,20
Multiple Regression,1970,19
Multiple Regression,1969,9
Multiple Regression,1968,9
Multiple Regression,1967,11
Multiple Regression,1966,6
Multiple Regression,1965,5
Multiple Regression,1964,4
Multiple Regression,1963,5
Multiple Regression,1962,5
Multiple Regression,1961,1
Multiple Regression,1960,1
Multiple Regression,1959,2
Multiple Regression,1956,1
Multiple Regression,1951,1
Multiple Regression,1948,2
Multiple Regression,1947,1
Naive Bayes,2022,184
Naive Bayes,2021,545
Naive Bayes,2020,404
Naive Bayes,2019,308
Naive Bayes,2018,237
Naive Bayes,2017,212
Naive Bayes,2016,184
Naive Bayes,2015,190
Naive Bayes,2014,192
Naive Bayes,2013,150
Naive Bayes,2012,130
Naive Bayes,2011,112
Naive Bayes,2010,85
Naive Bayes,2009,50
Naive Bayes,2008,55
Naive Bayes,2007,50
Naive Bayes,2006,48
Naive Bayes,2005,27
Naive Bayes,2004,30
Naive Bayes,2003,5
Naive Bayes,2002,11
Naive Bayes,2001,3
Naive Bayes,2000,8
Naive Bayes,1999,5
Naive Bayes,1998,5
Naive Bayes,1997,5
Naive Bayes,1996,3
Naive Bayes,1994,1
Naive Bayes,1993,1
Naive Bayes,1989,2
Naive Bayes,1988,2
Naive Bayes,1987,1
Naive Bayes,1986,1
Natural Language Processing,2022,562
Natural Language Processing,2021,1637
Natural Language Processing,2020,1123
Natural Language Processing,2019,927
Natural Language Processing,2018,627
Natural Language Processing,2017,526
Natural Language Processing,2016,411
Natural Language Processing,2015,626
Natural Language Processing,2014,459
Natural Language Processing,2013,433
Natural Language Processing,2012,316
Natural Language Processing,2011,237
Natural Language Processing,2010,242
Natural Language Processing,2009,220
Natural Language Processing,2008,422
Natural Language Processing,2007,293
Natural Language Processing,2006,243
Natural Language Processing,2005,241
Natural Language Processing,2004,185
Natural Language Processing,2003,116
Natural Language Processing,2002,75
Natural Language Processing,2001,49
Natural Language Processing,2000,59
Natural Language Processing,1999,34
Natural Language Processing,1998,58
Natural Language Processing,1997,35
Natural Language Processing,1996,23
Natural Language Processing,1995,68
Natural Language Processing,1994,28
Natural Language Processing,1993,22
Natural Language Processing,1992,19
Natural Language Processing,1991,25
Natural Language Processing,1990,13
Natural Language Processing,1989,11
Natural Language Processing,1988,11
Natural Language Processing,1987,7
Natural Language Processing,1986,2
Natural Language Processing,1984,4
Natural Language Processing,1983,2
Natural Language Processing,1982,3
Natural Language Processing,1981,1
Natural Language Processing,1979,2
Natural Language Processing,1978,1
Natural Language Processing,1972,1
Natural Language Processing,1970,1
Natural Language Processing,1960,1
Nearest Neighbor,2022,514
Nearest Neighbor,2021,1590
Nearest Neighbor,2020,1160
Nearest Neighbor,2019,1030
Nearest Neighbor,2018,938
Nearest Neighbor,2017,773
Nearest Neighbor,2016,737
Nearest Neighbor,2015,718
Nearest Neighbor,2014,701
Nearest Neighbor,2013,597
Nearest Neighbor,2012,590
Nearest Neighbor,2011,548
Nearest Neighbor,2010,491
Nearest Neighbor,2009,467
Nearest Neighbor,2008,440
Nearest Neighbor,2007,411
Nearest Neighbor,2006,427
Nearest Neighbor,2005,373
Nearest Neighbor,2004,306
Nearest Neighbor,2003,239
Nearest Neighbor,2002,228
Nearest Neighbor,2001,191
Nearest Neighbor,2000,156
Nearest Neighbor,1999,131
Nearest Neighbor,1998,96
Nearest Neighbor,1997,89
Nearest Neighbor,1996,102
Nearest Neighbor,1995,102
Nearest Neighbor,1994,83
Nearest Neighbor,1993,85
Nearest Neighbor,1992,62
Nearest Neighbor,1991,77
Nearest Neighbor,1990,82
Nearest Neighbor,1989,66
Nearest Neighbor,1988,46
Nearest Neighbor,1987,48
Nearest Neighbor,1986,43
Nearest Neighbor,1985,55
Nearest Neighbor,1984,39
Nearest Neighbor,1983,49
Nearest Neighbor,1982,47
Nearest Neighbor,1981,32
Nearest Neighbor,1980,34
Nearest Neighbor,1979,37
Nearest Neighbor,1978,27
Nearest Neighbor,1977,27
Nearest Neighbor,1976,24
Nearest Neighbor,1975,30
Nearest Neighbor,1974,9
Nearest Neighbor,1973,6
Nearest Neighbor,1972,9
Nearest Neighbor,1971,6
Nearest Neighbor,1970,4
Nearest Neighbor,1969,5
Nearest Neighbor,1968,3
Nearest Neighbor,1967,7
Nearest Neighbor,1966,4
Nearest Neighbor,1965,2
Nearest Neighbor,1963,2
Nearest Neighbor,1962,1
Nearest Neighbor,1961,2
Nearest Neighbor,1959,1
Nearest Neighbor,1955,1
Nearest Neighbor,1925,1
Negative Binomial,2022,507
Negative Binomial,2021,1416
Negative Binomial,2020,1144
Negative Binomial,2019,933
Negative Binomial,2018,807
Negative Binomial,2017,736
Negative Binomial,2016,731
Negative Binomial,2015,620
Negative Binomial,2014,522
Negative Binomial,2013,445
Negative Binomial,2012,340
Negative Binomial,2011,310
Negative Binomial,2010,268
Negative Binomial,2009,211
Negative Binomial,2008,160
Negative Binomial,2007,134
Negative Binomial,2006,94
Negative Binomial,2005,81
Negative Binomial,2004,60
Negative Binomial,2003,41
Negative Binomial,2002,43
Negative Binomial,2001,30
Negative Binomial,2000,33
Negative Binomial,1999,18
Negative Binomial,1998,23
Negative Binomial,1997,18
Negative Binomial,1996,17
Negative Binomial,1995,17
Negative Binomial,1994,11
Negative Binomial,1993,19
Negative Binomial,1992,14
Negative Binomial,1991,12
Negative Binomial,1990,20
Negative Binomial,1989,9
Negative Binomial,1988,8
Negative Binomial,1987,12
Negative Binomial,1986,10
Negative Binomial,1985,15
Negative Binomial,1984,8
Negative Binomial,1983,12
Negative Binomial,1982,7
Negative Binomial,1981,13
Negative Binomial,1980,9
Negative Binomial,1979,4
Negative Binomial,1978,4
Negative Binomial,1977,4
Negative Binomial,1976,5
Negative Binomial,1975,6
Negative Binomial,1974,2
Negative Binomial,1972,3
Negative Binomial,1971,2
Negative Binomial,1970,1
Negative Binomial,1967,2
Negative Binomial,1961,1
Negative Binomial,1960,2
Negative Binomial,1959,2
Negative Binomial,1950,2
Negative Binomial,1949,2
Neural Network,2022,4228
Neural Network,2021,11668
Neural Network,2020,7940
Neural Network,2019,5716
Neural Network,2018,3827
Neural Network,2017,2421
Neural Network,2016,1881
Neural Network,2015,1565
Neural Network,2014,1361
Neural Network,2013,1236
Neural Network,2012,1160
Neural Network,2011,1118
Neural Network,2010,970
Neural Network,2009,1024
Neural Network,2008,960
Neural Network,2007,975
Neural Network,2006,877
Neural Network,2005,814
Neural Network,2004,723
Neural Network,2003,648
Neural Network,2002,595
Neural Network,2001,652
Neural Network,2000,555
Neural Network,1999,550
Neural Network,1998,537
Neural Network,1997,488
Neural Network,1996,454
Neural Network,1995,390
Neural Network,1994,288
Neural Network,1993,271
Neural Network,1992,207
Neural Network,1991,159
Neural Network,1990,124
Neural Network,1989,60
Neural Network,1988,46
Neural Network,1987,32
Neural Network,1986,12
Neural Network,1985,18
Neural Network,1984,9
Neural Network,1983,11
Neural Network,1982,4
Neural Network,1981,8
Neural Network,1980,9
Neural Network,1979,7
Neural Network,1978,5
Neural Network,1977,4
Neural Network,1976,13
Neural Network,1975,9
Neural Network,1974,2
Neural Network,1973,2
Neural Network,1972,2
Neural Network,1971,2
Neural Network,1969,1
Nonlinear Regression,2022,259
Nonlinear Regression,2021,603
Nonlinear Regression,2020,494
Nonlinear Regression,2019,401
Nonlinear Regression,2018,356
Nonlinear Regression,2017,338
Nonlinear Regression,2016,288
Nonlinear Regression,2015,280
Nonlinear Regression,2014,242
Nonlinear Regression,2013,203
Nonlinear Regression,2012,202
Nonlinear Regression,2011,178
Nonlinear Regression,2010,165
Nonlinear Regression,2009,149
Nonlinear Regression,2008,138
Nonlinear Regression,2007,143
Nonlinear Regression,2006,131
Nonlinear Regression,2005,102
Nonlinear Regression,2004,75
Nonlinear Regression,2003,73
Nonlinear Regression,2002,75
Nonlinear Regression,2001,70
Nonlinear Regression,2000,59
Nonlinear Regression,1999,59
Nonlinear Regression,1998,41
Nonlinear Regression,1997,64
Nonlinear Regression,1996,44
Nonlinear Regression,1995,53
Nonlinear Regression,1994,55
Nonlinear Regression,1993,37
Nonlinear Regression,1992,40
Nonlinear Regression,1991,48
Nonlinear Regression,1990,41
Nonlinear Regression,1989,36
Nonlinear Regression,1988,36
Nonlinear Regression,1987,37
Nonlinear Regression,1986,33
Nonlinear Regression,1985,30
Nonlinear Regression,1984,23
Nonlinear Regression,1983,25
Nonlinear Regression,1982,17
Nonlinear Regression,1981,29
Nonlinear Regression,1980,18
Nonlinear Regression,1979,11
Nonlinear Regression,1978,12
Nonlinear Regression,1977,8
Nonlinear Regression,1976,7
Nonlinear Regression,1975,6
Nonlinear Regression,1974,2
Nonlinear Regression,1971,2
Nonlinear Regression,1969,2
Nonlinear Regression,1968,1
Nonlinear Regression,1948,1
Poisson Regression,2022,1225
Poisson Regression,2021,3245
Poisson Regression,2020,2737
Poisson Regression,2019,2296
Poisson Regression,2018,2169
Poisson Regression,2017,1958
Poisson Regression,2016,1773
Poisson Regression,2015,1630
Poisson Regression,2014,1433
Poisson Regression,2013,1343
Poisson Regression,2012,1195
Poisson Regression,2011,986
Poisson Regression,2010,854
Poisson Regression,2009,692
Poisson Regression,2008,624
Poisson Regression,2007,511
Poisson Regression,2006,439
Poisson Regression,2005,346
Poisson Regression,2004,300
Poisson Regression,2003,240
Poisson Regression,2002,197
Poisson Regression,2001,210
Poisson Regression,2000,187
Poisson Regression,1999,200
Poisson Regression,1998,135
Poisson Regression,1997,129
Poisson Regression,1996,134
Poisson Regression,1995,99
Poisson Regression,1994,81
Poisson Regression,1993,52
Poisson Regression,1992,45
Poisson Regression,1991,25
Poisson Regression,1990,27
Poisson Regression,1989,11
Poisson Regression,1988,12
Poisson Regression,1987,7
Poisson Regression,1986,7
Poisson Regression,1985,4
Poisson Regression,1984,2
Poisson Regression,1983,3
Poisson Regression,1982,2
Poisson Regression,1981,1
Poisson Regression,1979,1
Poisson Regression,1978,1
Poisson Regression,1977,3
Poisson Regression,1970,2
Principle Component,2022,2500
Principle Component,2021,7874
Principle Component,2020,7124
Principle Component,2019,6509
Principle Component,2018,6075
Principle Component,2017,5623
Principle Component,2016,5493
Principle Component,2015,5347
Principle Component,2014,5246
Principle Component,2013,5016
Principle Component,2012,4811
Principle Component,2011,4233
Principle Component,2010,3957
Principle Component,2009,3278
Principle Component,2008,2934
Principle Component,2007,2531
Principle Component,2006,2065
Principle Component,2005,1772
Principle Component,2004,1448
Principle Component,2003,1173
Principle Component,2002,987
Principle Component,2001,826
Principle Component,2000,689
Principle Component,1999,577
Principle Component,1998,555
Principle Component,1997,532
Principle Component,1996,509
Principle Component,1995,433
Principle Component,1994,356
Principle Component,1993,363
Principle Component,1992,340
Principle Component,1991,309
Principle Component,1990,298
Principle Component,1989,256
Principle Component,1988,218
Principle Component,1987,232
Principle Component,1986,187
Principle Component,1985,185
Principle Component,1984,184
Principle Component,1983,168
Principle Component,1982,122
Principle Component,1981,116
Principle Component,1980,122
Principle Component,1979,104
Principle Component,1978,85
Principle Component,1977,84
Principle Component,1976,88
Principle Component,1975,75
Principle Component,1974,15
Principle Component,1973,14
Principle Component,1972,11
Principle Component,1971,23
Principle Component,1970,20
Principle Component,1969,13
Principle Component,1968,13
Principle Component,1967,13
Principle Component,1966,10
Principle Component,1965,5
Principle Component,1964,2
Principle Component,1963,5
Principle Component,1962,7
Principle Component,1961,2
Principle Component,1960,1
Principle Component,1959,1
Principle Component,1958,3
Principle Component,1956,3
Principle Component,1955,3
Principle Component,1952,5
Principle Component,1951,1
Principle Component,1945,1
Principle Component,1944,1
Principle Component,1943,1
Principle Component,1942,1
Principle Component,1940,1
Principle Component,1938,1
Principle Component,1937,1
Principle Component,1935,1
Principle Component,1912,1
Random Forest,2022,1985
Random Forest,2021,5577
Random Forest,2020,3874
Random Forest,2019,2829
Random Forest,2018,2117
Random Forest,2017,1731
Random Forest,2016,1350
Random Forest,2015,1134
Random Forest,2014,914
Random Forest,2013,670
Random Forest,2012,543
Random Forest,2011,479
Random Forest,2010,353
Random Forest,2009,323
Random Forest,2008,244
Random Forest,2007,220
Random Forest,2006,169
Random Forest,2005,145
Random Forest,2004,128
Random Forest,2003,112
Random Forest,2002,110
Random Forest,2001,72
Random Forest,2000,81
Random Forest,1999,67
Random Forest,1998,66
Random Forest,1997,46
Random Forest,1996,41
Random Forest,1995,43
Random Forest,1994,46
Random Forest,1993,30
Random Forest,1992,27
Random Forest,1991,28
Random Forest,1990,25
Random Forest,1989,21
Random Forest,1988,20
Random Forest,1987,12
Random Forest,1986,2
Random Forest,1985,3
Random Forest,1984,1
Random Forest,1982,2
Random Forest,1981,2
Random Forest,1980,3
Random Forest,1979,1
Random Forest,1977,1
Random Forest,1976,1
Random Forest,1975,1
Random Forest,1973,1
Random Forest,1971,1
Random Forest,1968,1
Random Forest,1956,1
Regression Model,2022,18341
Regression Model,2021,54226
Regression Model,2020,45963
Regression Model,2019,39873
Regression Model,2018,36536
Regression Model,2017,34795
Regression Model,2016,32926
Regression Model,2015,30788
Regression Model,2014,27985
Regression Model,2013,25976
Regression Model,2012,23793
Regression Model,2011,20487
Regression Model,2010,17583
Regression Model,2009,15148
Regression Model,2008,13444
Regression Model,2007,11682
Regression Model,2006,10097
Regression Model,2005,8850
Regression Model,2004,7576
Regression Model,2003,6730
Regression Model,2002,5689
Regression Model,2001,5431
Regression Model,2000,4771
Regression Model,1999,4274
Regression Model,1998,3916
Regression Model,1997,3677
Regression Model,1996,3241
Regression Model,1995,2767
Regression Model,1994,2373
Regression Model,1993,1901
Regression Model,1992,1683
Regression Model,1991,1422
Regression Model,1990,1200
Regression Model,1989,997
Regression Model,1988,769
Regression Model,1987,608
Regression Model,1986,548
Regression Model,1985,501
Regression Model,1984,438
Regression Model,1983,349
Regression Model,1982,309
Regression Model,1981,241
Regression Model,1980,206
Regression Model,1979,166
Regression Model,1978,150
Regression Model,1977,139
Regression Model,1976,126
Regression Model,1975,120
Regression Model,1974,72
Regression Model,1973,68
Regression Model,1972,41
Regression Model,1971,22
Regression Model,1970,20
Regression Model,1969,8
Regression Model,1968,6
Regression Model,1967,6
Regression Model,1966,2
Regression Model,1965,2
Regression Model,1964,2
Regression Model,1963,2
Regression Model,1962,1
Regression Model,1961,1
Regression Model,1960,2
Regression Model,1952,1
Regression Model,1951,1
Regularized Regression,2022,600
Regularized Regression,2021,1936
Regularized Regression,2020,1577
Regularized Regression,2019,1348
Regularized Regression,2018,1229
Regularized Regression,2017,1128
Regularized Regression,2016,1092
Regularized Regression,2015,977
Regularized Regression,2014,887
Regularized Regression,2013,771
Regularized Regression,2012,691
Regularized Regression,2011,642
Regularized Regression,2010,557
Regularized Regression,2009,487
Regularized Regression,2008,439
Regularized Regression,2007,354
Regularized Regression,2006,321
Regularized Regression,2005,286
Regularized Regression,2004,276
Regularized Regression,2003,230
Regularized Regression,2002,191
Regularized Regression,2001,187
Regularized Regression,2000,186
Regularized Regression,1999,177
Regularized Regression,1998,162
Regularized Regression,1997,136
Regularized Regression,1996,125
Regularized Regression,1995,98
Regularized Regression,1994,76
Regularized Regression,1993,98
Regularized Regression,1992,71
Regularized Regression,1991,72
Regularized Regression,1990,72
Regularized Regression,1989,47
Regularized Regression,1988,38
Regularized Regression,1987,28
Regularized Regression,1986,31
Regularized Regression,1985,20
Regularized Regression,1984,24
Regularized Regression,1983,18
Regularized Regression,1982,15
Regularized Regression,1981,22
Regularized Regression,1980,17
Regularized Regression,1979,14
Regularized Regression,1978,9
Regularized Regression,1977,8
Regularized Regression,1976,13
Regularized Regression,1975,15
Regularized Regression,1974,2
Regularized Regression,1973,1
Regularized Regression,1972,1
Regularized Regression,1963,1
Regularized Regression,1920,1
Simulated Data,2022,6923
Simulated Data,2021,19947
Simulated Data,2020,18529
Simulated Data,2019,16724
Simulated Data,2018,15973
Simulated Data,2017,15037
Simulated Data,2016,14383
Simulated Data,2015,14494
Simulated Data,2014,13874
Simulated Data,2013,12569
Simulated Data,2012,12082
Simulated Data,2011,10750
Simulated Data,2010,9836
Simulated Data,2009,9112
Simulated Data,2008,8669
Simulated Data,2007,8348
Simulated Data,2006,7466
Simulated Data,2005,6531
Simulated Data,2004,4902
Simulated Data,2003,3908
Simulated Data,2002,3357
Simulated Data,2001,2995
Simulated Data,2000,2726
Simulated Data,1999,2421
Simulated Data,1998,2160
Simulated Data,1997,2115
Simulated Data,1996,1960
Simulated Data,1995,1840
Simulated Data,1994,1589
Simulated Data,1993,1392
Simulated Data,1992,1212
Simulated Data,1991,1064
Simulated Data,1990,925
Simulated Data,1989,757
Simulated Data,1988,550
Simulated Data,1987,503
Simulated Data,1986,427
Simulated Data,1985,358
Simulated Data,1984,337
Simulated Data,1983,287
Simulated Data,1982,244
Simulated Data,1981,161
Simulated Data,1980,162
Simulated Data,1979,151
Simulated Data,1978,122
Simulated Data,1977,131
Simulated Data,1976,106
Simulated Data,1975,118
Simulated Data,1974,30
Simulated Data,1973,23
Simulated Data,1972,30
Simulated Data,1971,22
Simulated Data,1970,21
Simulated Data,1969,17
Simulated Data,1968,15
Simulated Data,1967,29
Simulated Data,1966,5
Simulated Data,1965,8
Simulated Data,1964,10
Simulated Data,1963,10
Simulated Data,1962,7
Simulated Data,1961,2
Simulated Data,1960,1
Simulated Data,1958,1
Simulated Data,1957,1
Simulated Data,1955,1
Simulated Data,1954,1
Simulated Data,1945,1
Simulated Data,1927,1
Simulated Data,1920,1
Stepwise Regression,2022,839
Stepwise Regression,2021,2552
Stepwise Regression,2020,2160
Stepwise Regression,2019,1869
Stepwise Regression,2018,1789
Stepwise Regression,2017,1765
Stepwise Regression,2016,1731
Stepwise Regression,2015,1712
Stepwise Regression,2014,1608
Stepwise Regression,2013,1564
Stepwise Regression,2012,1466
Stepwise Regression,2011,1351
Stepwise Regression,2010,1231
Stepwise Regression,2009,1186
Stepwise Regression,2008,1153
Stepwise Regression,2007,1058
Stepwise Regression,2006,949
Stepwise Regression,2005,861
Stepwise Regression,2004,838
Stepwise Regression,2003,760
Stepwise Regression,2002,693
Stepwise Regression,2001,651
Stepwise Regression,2000,654
Stepwise Regression,1999,630
Stepwise Regression,1998,617
Stepwise Regression,1997,590
Stepwise Regression,1996,559
Stepwise Regression,1995,491
Stepwise Regression,1994,473
Stepwise Regression,1993,431
Stepwise Regression,1992,413
Stepwise Regression,1991,334
Stepwise Regression,1990,300
Stepwise Regression,1989,278
Stepwise Regression,1988,205
Stepwise Regression,1987,184
Stepwise Regression,1986,152
Stepwise Regression,1985,127
Stepwise Regression,1984,104
Stepwise Regression,1983,96
Stepwise Regression,1982,45
Stepwise Regression,1981,53
Stepwise Regression,1980,49
Stepwise Regression,1979,37
Stepwise Regression,1978,34
Stepwise Regression,1977,27
Stepwise Regression,1976,36
Stepwise Regression,1975,17
Stepwise Regression,1974,4
Stepwise Regression,1973,3
Stepwise Regression,1972,5
Stepwise Regression,1971,2
Stepwise Regression,1970,1
Stepwise Regression,1968,1
Stepwise Regression,1967,1
Stepwise Regression,1963,1
Support Vector Machine,2022,1276
Support Vector Machine,2021,3799
Support Vector Machine,2020,2970
Support Vector Machine,2019,2549
Support Vector Machine,2018,2185
Support Vector Machine,2017,1780
Support Vector Machine,2016,1576
Support Vector Machine,2015,1512
Support Vector Machine,2014,1388
Support Vector Machine,2013,1249
Support Vector Machine,2012,1041
Support Vector Machine,2011,845
Support Vector Machine,2010,619
Support Vector Machine,2009,493
Support Vector Machine,2008,451
Support Vector Machine,2007,370
Support Vector Machine,2006,305
Support Vector Machine,2005,262
Support Vector Machine,2004,142
Support Vector Machine,2003,80
Support Vector Machine,2002,43
Support Vector Machine,2001,26
Support Vector Machine,2000,9
Support Vector Machine,1999,7
Support Vector Machine,1997,2
Support Vector Machine,1996,1
Support Vector Machine,1995,3
Support Vector Machine,1991,1
Support Vector Machine,1989,1
Support Vector Machine,1988,1
T-Test,2022,2694
T-Test,2021,8696
T-Test,2020,7996
T-Test,2019,6775
T-Test,2018,6338
T-Test,2017,6076
T-Test,2016,6115
T-Test,2015,5918
T-Test,2014,5446
T-Test,2013,5123
T-Test,2012,4336
T-Test,2011,3781
T-Test,2010,3278
T-Test,2009,2992
T-Test,2008,2702
T-Test,2007,2499
T-Test,2006,2252
T-Test,2005,2073
T-Test,2004,1823
T-Test,2003,1601
T-Test,2002,1304
T-Test,2001,1206
T-Test,2000,1148
T-Test,1999,1028
T-Test,1998,967
T-Test,1997,892
T-Test,1996,779
T-Test,1995,708
T-Test,1994,671
T-Test,1993,572
T-Test,1992,511
T-Test,1991,393
T-Test,1990,374
T-Test,1989,343
T-Test,1988,253
T-Test,1987,221
T-Test,1986,170
T-Test,1985,173
T-Test,1984,143
T-Test,1983,131
T-Test,1982,110
T-Test,1981,119
T-Test,1980,81
T-Test,1979,62
T-Test,1978,50
T-Test,1977,43
T-Test,1976,55
T-Test,1975,38
T-Test,1974,13
T-Test,1973,15
T-Test,1972,12
T-Test,1971,8
T-Test,1970,2
T-Test,1969,1
T-Test,1968,1
T-Test,1967,2
T-Test,1965,2
T-Test,1964,2
T-Test,1963,2
T-Test,1957,1
T-Test,1956,1
T-Test,1954,1
T-Test,1951,1
T-Test,1950,2
T-Test,1949,2
T-Test,1948,1
T-Test,1947,1
T-Test,1942,1
Trajectory Analysis,2022,1649
Trajectory Analysis,2021,4316
Trajectory Analysis,2020,3666
Trajectory Analysis,2019,3079
Trajectory Analysis,2018,2680
Trajectory Analysis,2017,2436
Trajectory Analysis,2016,2189
Trajectory Analysis,2015,2067
Trajectory Analysis,2014,1863
Trajectory Analysis,2013,1647
Trajectory Analysis,2012,1381
Trajectory Analysis,2011,1226
Trajectory Analysis,2010,1071
Trajectory Analysis,2009,1000
Trajectory Analysis,2008,787
Trajectory Analysis,2007,602
Trajectory Analysis,2006,553
Trajectory Analysis,2005,553
Trajectory Analysis,2004,413
Trajectory Analysis,2003,330
Trajectory Analysis,2002,290
Trajectory Analysis,2001,234
Trajectory Analysis,2000,216
Trajectory Analysis,1999,194
Trajectory Analysis,1998,151
Trajectory Analysis,1997,132
Trajectory Analysis,1996,129
Trajectory Analysis,1995,98
Trajectory Analysis,1994,88
Trajectory Analysis,1993,93
Trajectory Analysis,1992,73
Trajectory Analysis,1991,70
Trajectory Analysis,1990,68
Trajectory Analysis,1989,46
Trajectory Analysis,1988,32
Trajectory Analysis,1987,47
Trajectory Analysis,1986,40
Trajectory Analysis,1985,21
Trajectory Analysis,1984,24
Trajectory Analysis,1983,19
Trajectory Analysis,1982,14
Trajectory Analysis,1981,11
Trajectory Analysis,1980,10
Trajectory Analysis,1979,14
Trajectory Analysis,1978,5
Trajectory Analysis,1977,4
Trajectory Analysis,1976,8
Trajectory Analysis,1975,6
Trajectory Analysis,1974,3
Trajectory Analysis,1973,1
Trajectory Analysis,1970,1
Trajectory Analysis,1968,4
Trajectory Analysis,1967,1
Trajectory Analysis,1949,1
Variable Selection,2022,190
Variable Selection,2021,612
Variable Selection,2020,489
Variable Selection,2019,444
Variable Selection,2018,421
Variable Selection,2017,392
Variable Selection,2016,351
Variable Selection,2015,324
Variable Selection,2014,263
Variable Selection,2013,254
Variable Selection,2012,239
Variable Selection,2011,222
Variable Selection,2010,185
Variable Selection,2009,175
Variable Selection,2008,136
Variable Selection,2007,102
Variable Selection,2006,78
Variable Selection,2005,61
Variable Selection,2004,52
Variable Selection,2003,59
Variable Selection,2002,43
Variable Selection,2001,14
Variable Selection,2000,29
Variable Selection,1999,21
Variable Selection,1998,12
Variable Selection,1997,18
Variable Selection,1996,8
Variable Selection,1995,14
Variable Selection,1994,14
Variable Selection,1993,15
Variable Selection,1992,9
Variable Selection,1991,3
Variable Selection,1990,4
Variable Selection,1989,6
Variable Selection,1988,3
Variable Selection,1987,4
Variable Selection,1986,4
Variable Selection,1985,2
Variable Selection,1984,5
Variable Selection,1983,5
Variable Selection,1982,1
Variable Selection,1981,2
Variable Selection,1980,2
Variable Selection,1979,1
Variable Selection,1978,1
Variable Selection,1977,1
Variable Selection,1976,1
Variable Selection,1975,1
